sequence,charge_pH7,gravy,aromaticity,instability_index,mol_weight,iso_point
MSSSGYPPNQGAFSTEQSRYPPHSVQYTFPSTRHQQEFAVPDYRSSHLEVSQASQLLQQQQQQQLRRRPSLLSEFHPGSDRPQERRTSYEPFHPGPSPVD,-0.04545341901463651,-1.276,0.1,104.339,11525.3594,6.97132511138916
MATSLAEQLKRLAGSSQAQLTQKAQKASHDFLKELRSSSVAAQFDLIFSGRYALAFVLKLLEPKSVVVTKLRELQNQVCILLAKYVDEHLPYLLTKLSDR,4.6712994160889245,0.0029999999999999736,0.07,31.431999999999995,11219.9877,9.560806465148925
MAAASYDQLLKQVEALLFTSSEPLSIEQITKLLGDSVAVDKLKPSLEQLKADYEGRGVELVEVASGYRFQTKADIHEWVTRLFHEKPPRYSRATLETLAI,-3.3026275220071692,-0.22000000000000003,0.08,19.418999999999993,11250.7122,5.3418081283569325
MSAASAAASSSSSSSSSSSSSAAPASSPAAAAASSSSSSSSSSSSSSSSSSSSSSSSSSSSSSSSSSSSSAAAAAAAAAAAAAAAAAAAAAAAAAAAAAA,-0.4996453124586552,0.32899999999999996,0.0,118.83999999999997,8101.9655999999995,5.275022315979004
MSTPDPPMGGTPRPGPSPGPGPSPGGMMGPSPGPSPGSAHSMMGPSPGPPSAGHPIPTQGPGGYPQDNMHQMHKPMEAMHEKGMPDDPRYNQMKGMGMRS,-0.058695408174929575,-1.07,0.02,77.03500000000003,10191.5065,6.962401390075684
MSSPSSSSSSSSSSSSSSSSSSSSSSSSSSSSSSSSSSSSSSSSSSSSSSSSSSSSSSSSSSSSSSSSSSSSSSSSSSSSSSSSSSSSSSSSSSSSSSSS,-0.4996453124586552,-0.7810000000000001,0.0,205.50999999999996,8779.9019,5.275022315979004
MKLLKLSLLLLLLSSLAASAQKKTKVKKAAKAAAPKAAAPKAAAPKAAAPKAAAPKAAAPKAAAPKAAAPKAAAPKAAAPKATAPKAAAPKAAAPKAAAP,20.47937566656233,0.145,0.0,35.105999999999995,9379.379,11.30106601715088
MATSLASQLAQIAAKSKAILDLKAQRSAHSKSLFYARDVCVAALRDDIRAAVAALEALKLDAARFEASALAGFVRLAEQDLDEADATIEAGEGLKPAEKA,-2.4017848003638615,0.10499999999999998,0.04,29.75009999999999,10484.8469,5.338966178894043
MSTSSTPASPSPPSSASSAPPPPPPPPSPPPPPPPPPPPPPPPPPPSSSSSSSSSSSSSSSSSSSSSSSSSSSSSSSSSSSSSSSSSSSSSSSSSSSSSS,-0.4996453124586552,-0.9330000000000002,0.0,195.03799999999995,9051.056,5.275022315979004
MKRILSLLLIFSLLLSALPVSAATKTVSVKSTGSSSTSTSSSSSSSKKSSSSSSSSSSSSSSSSSSSSSSSSSSSSSSSSSSSSSSSSSSSSSSSSSSSS,5.495349682646339,-0.22600000000000006,0.01,131.43499999999997,9403.654700000001,11.38835620880127
MAAAGAGSGAAAAGAAGSGGSGGAAAGAAGGGAGAAGAGGAAGAGAAGAGGAAGAAGAAGAGSAAGAGSAAGAAGAAGAAGAAGAAGAAGAAGAAGAAGA,-0.4996453124586552,0.835,0.0,-4.385000000000003,6732.909599999999,5.275022315979004
MSSSSSPSAAAAAAAAAAAAAAAAAAAAAAAAAAAAAAAAAAAAAAAAAAAAAAAAAAAAAAAAAAAAAAAAAAAAAAAAAAAAAAAAAAAAAAAAAAAA,-0.4996453124586552,1.611,0.0,28.318,7307.9571,5.275022315979004
MSSSGYPPNQGAFSTEQSRYPPHSVQYTFPSTRHQQEFAVPDYRSSHLEVSQASQLLQQQQQQQLRRRPSLLSEFHPGSDRPQERRTSYEPFHPGPSPVD,-0.04545341901463651,-1.276,0.1,104.339,11525.3594,6.97132511138916
MSSPSAPSPSAPASSSASSPASSAASSAASSAAPSAASSAASSAASSAAPSAASSAAPSAASSAASSAASSAAPSAASSAAPSAASSAAPSAASSAAPSA,-0.4996453124586552,0.275,0.0,100.66399999999999,8186.3452,5.275022315979004
MKKLLLILLLLLLSLPAFSQKRTISGKITDSKGNALPGVTVTVKGTTNGVSTGADGTFSLSVPSSGSVLVFSFLGYVSREEAVGNKSTINVTLEEDAKQL,2.5059478094627083,0.297,0.05,29.104999999999997,10427.9705,9.455336189270021
MSSPPASPASASPAPAPPASPAPPPAAPPAAPPAPPAPSPAAPPAPPAAPPAPPAAPPASPAAPPAPPAAPPAPPAAPPAPPAPSPAAPPAPPAAPPAPP,-0.4996453124586552,-0.20100000000000004,0.0,189.50199999999995,8683.8576,5.275022315979004
MATSSSAPPSPPPSPPSPPPPPPPPPSPPPPPPPPPPPPSPPPPPPPPPPPPPPPPPPPPPPPPPPPPPPPPPPPPPPPPPPPPPPPPPPPPPPPPPPPP,-0.4996453124586552,-1.4240000000000002,0.0,206.44399999999996,9635.227,5.275022315979004
MSAPSPSAPAPSAPAAAPAPPPPPPPPPPPPPPPPPPPPPPPPPPPPPPPPPPPPPPPPPPPPPPPPPPPPPPPPPPPPPPPPPPPPPPPPPPPPPPPPP,-0.4996453124586552,-1.2610000000000001,0.0,195.87999999999994,9515.1661,5.275022315979004
MATLADKAILSGADNRPPMLEKDMYDSWKSRMELYMLNRQHGRMILESVENGPLLWPTVEENGVTRPKKYSELSATKAIQADCDVKATNIILQGLPPEVY,-2.4042028633673436,-0.449,0.06,49.812000000000005,11294.9037,5.344593238830566
MAASSGASGAGGGGGGGGGGGGGGGGGGGGGGGGSSSGGGGGGGAGGGGGGGGGGGGGGGGGGGGGGGGGGGGGGGGGGGGGGSGGGGGGGGGGGGGGGG,-0.4996453124586552,-0.29500000000000004,0.0,114.31900000000002,6077.605,5.275022315979004
,,,,,18.0153,
MSAPSAPPSPPPPPPSAPAPPPPPPPPPPPPPPPPPPPPPPPPPPPPPPPPPPPPPPPPPPPPPPPPPPPPPPPPPPPPPPPPPPPPPPPPPPPPPPPPP,-0.4996453124586552,-1.3970000000000002,0.0,199.73199999999994,9619.3153,5.275022315979004
MAAPLLAPPGPDSFKKFTKESLVAIEQRIKEEKNKKPPKQDSSYRDDDDENKPKPNSDLEAGKSLPYIYADINCVPLTDGDVVDEVERKMSLSLLEVLES,-6.484128327172286,-0.8059999999999999,0.05,49.64599999999999,11177.4815,4.665196800231934
MSTASASSSASASASSSSAASSASSSSSSSSSSSSSSSASSSSASAAAATAAATATSSSSSSSSSSSSSSSSSSSSSSSSSSSSSSSSSSSSSASSSSAS,-0.4996453124586552,-0.24900000000000003,0.0,133.70599999999996,8505.9824,5.275022315979004
MKLLLLFLLLLPLLLLLLLLLLLLLLLLLLLLLLLLLLLLLLLLLLLLLLLLLLLLLLLLLLLLLLLLLLLLLLLLLLLLLLLLLLLLLLLLLLLLLLLL,0.49935568654234397,3.64,0.01,10.977000000000002,11384.8022,8.500108146667483
MSTPDPPMGGTPRPGPSPGPGPSPGAMLGPSPGPSPGSAHSMMGPSPGPPSAGHSIPPQGPSGYPQDNMHQMHKPMDSMHEKGMSDDPRYNQMKGMGMRS,-0.06038510920829587,-1.052,0.02,83.506,10195.429,6.961264610290528
MSSLSRELVFLILQFLDEEKFKETVHKLEQESGFFFNMKYFEDEVQNGNWDEVEKYLSGFTKVDDNRYSMKIFFEIRKQKYLEALDKRDRSKAVEILVKD,-4.379822144910296,-0.6560000000000001,0.15,40.119,12149.6698,5.119169807434082
MSSPAASAAPPAPASAAASASAAASPSPPSAASAAAPAAASASAASAAASASAAAAAPPAPASAAAAAPASASAAASASAAASASAAAAPPAPASAAASA,-0.4996453124586552,0.667,0.0,73.69999999999999,7960.468500000001,5.275022315979004
,,,,,18.0153,
MSTSSSPSPPPSAPSAPSPAPSPSPPSPPSPAPSPAPSPSPPSPSPPPSPPPSPPPSPPPSAPSPAPSPSPPSPSPPPSPPPSPPPSAPSPAPSPSPPSP,-0.4996453124586552,-0.9860000000000001,0.0,255.65400000000037,9202.0184,5.275022315979004
MASLSSSSSSSSSSSASSSSSSSSSSSSSSSSSSSSSSSSSSSSSSSSSSSSSSSSSSSSSSSSSSSSSSSSSSSSSSSSSSSSSSSSSSSSSSSSSSSS,-0.4996453124586552,-0.675,0.0,190.25199999999995,8763.9455,5.275022315979004
MAAAGGGSGGGGGGGGGGSGAGGGGGGGGGGGGGGGGGGGGGGGGGGGGGGGGGGGGGGGGGGGGGGGGGGGGGGGGGGGGGGGGGGGGGGGGGGGGGGG,-0.4996453124586552,-0.29700000000000004,0.0,120.11099999999998,5913.448399999999,5.275022315979004
MKRMLINATQQEELRVALVDGQRLYDLDIESPGHEQKKANIYKGKITRIEPSLEAAFVDYGAERHGFLPLKEIAREYFPSNYSAHGRPNIKDVLREGQEV,-1.2136718724783808,-0.69,0.08,57.021999999999984,11498.9036,6.293463325500488
MAAAAAAAGAAAGAGAGAGAAAAAAAAAAAAAAAAAGAAAAAGAAGAAAGAAAAAAAAAAAAAAAAAAAGAAGAAGAAAAAAAAAAAAAAAAAAGAAAAA,-0.4996453124586552,1.515,0.0,0.09699999999999971,7003.5776000000005,5.275022315979004
MKKKLFLLLLLISFSLFAQETKTIKGKVVDANTGEPIPGVNIIVKGTTTGVSTDINGNYTITVPSGSSTLIFSFIGYKTQEIAVGNKSVINVSLEEDVAQ,0.50678026923792,0.28300000000000003,0.07,16.656000000000002,10664.2323,7.963086509704589
MSTSPPPSSSASSSSSPSSSSSSSSSSSSSSSSSSSSSSSSSSSSSSSSSSSSSSPSPLSSSPSSSSSSSSSSSSSSSSSSSSSSSSSSSSSSSSSSSSS,-0.4996453124586552,-0.7560000000000001,0.0,203.82599999999996,8864.2368,5.275022315979004
MKKIFTFLLLLFSFSLFSQEKISLEVEKITVKDLFKKIEEKTDYVFFYSEEVVNNAKKINVDVKNASIEDVLDEVFKGKNLKYSIIDRQIILTPENKENN,-1.4799976829962915,-0.203,0.12,32.7331,11787.5329,5.536026954650878
MATLLLQAAGGAFGAAVGGSFNVAAAGVVGFFKNTERMIQRMASEQANQALKRQAVNALAGLGKQEERERAKMRKLQQELQAVDQKIQEGALELSKYQVA,3.5159071368748602,-0.215,0.05,38.41,10707.1892,9.770393180847165
MKKKLIIFLLFIFLLSSSLIAQNRKITGKVTSKEDGLPLPGVTVVIKGTTTGVSTDFDGNYSINAKPDEVLVFSYIGFKTKEVPVGSQSTINVTMEEDAQ,0.508012790218606,0.13299999999999998,0.08,20.471000000000004,10870.4966,7.943488121032716
MSTSSSSSSSSSSSTTTTSTTTTTSTTTTTTTTTTSTTTTTTTTTTTTTTTTTTTTTTTTTTSTSTSTSTSTSTSTSTSTSTSTTTSTSTSTSTSTSTST,-0.4996453124586552,-0.7070000000000001,0.0,33.553999999999995,9695.6196,5.275022315979004
MAASSSSSSSSSSSSSSSSSSSSSSSSSSSSSSSSSSSSSSSSSSSSSSSSSSSSSSSSSSSSSSSSSSSSSSSSSSSSSSSSSSSSSSSSSSSSSSSSS,-0.4996453124586552,-0.7210000000000001,0.0,196.02999999999994,8737.8652,5.275022315979004
MSSSSSSSSSSSSSSSSSSSSSSSSSSSSSSSSSSSSSSSSSSSSSSSSSSSSSSSSSSSSSSSSSSSSSSSSSSSSSSSSSSSSSSSSSSSSSSSSSSS,-0.4996453124586552,-0.7730000000000001,0.0,203.04199999999992,8769.864000000001,5.275022315979004
MASSSSAASAAAAAAASSSSSSSSSSSASSSASASSSSSASSAAAAAAASSSSAASAAAAAAASSSSSSSSASSAAAAAAAAASSSSSSSSASSASSAAA,-0.4996453124586552,0.397,0.0,88.17399999999998,8049.891,5.275022315979004
MAASSAAAAAAAAAAGAAAAGAGGGSSGGGGGGGGGGGGGGGGGGGGGGGGGGGGGGGGGGGGGGGGGGGGGGGGGGGGGGGGGGGGGGGGGGGGGGGGG,-0.4996453124586552,-0.019000000000000013,0.0,104.60400000000007,6155.8462,5.275022315979004
MSSPSPSSSSSSSSSSSSSSSSSSSSSSSSSSSSSSSSSSSSSSSSSSSSSSSSSSSSSSSSSSSSSSSSSSSSSSSSSSSSSSSSSSSSSSSSSSSSSS,-0.4996453124586552,-0.789,0.0,207.97799999999998,8789.9398,5.275022315979004
MKLSRRRLLQAGGAAAAGAVALGAGAAPAAAAPRAPAPRAAAPRTAAARAAAPRAAAPRAAPRAAAPRPAAPRAAAPRPAAPRTAAPRAAAPRAAAPRTA,17.499185688242328,-0.065,0.0,54.17499999999998,9421.8521,11.999967765808105
MSSLSRELVFLILQFLDEEKFKETVHKLEQESGFFFNMKHFEDLVQAGEWDEVERYLSGFTKVDDNRYSMKIFFEIRKQKYLEALDKQDRAKAVDILVKD,-5.292339655691073,-0.519,0.14,32.666999999999994,12049.5971,5.085862159729003
MSSSGYPPNQGAFSTEQSRYPSHSVQYTFPSTRHQQEFAVPDYRSSHLEVSQASQLLQQQQQQQLRRRPSLLSEFHPGSDRPQERRTGYEQFHPGPSPVD,-0.04545341901463651,-1.2830000000000001,0.1,99.961,11516.3095,6.97132511138916
MSSSTTAAPPSSPAAAAAAAAAAAAAPASSSSSSSSSSSSSSSSSSSSSSSSSSSSSSSSSSSSSSSSSSSSSSSSSSSSSSSSSSSSSSSSSSSSSSSS,-0.4996453124586552,-0.387,0.0,172.76799999999994,8582.0784,5.275022315979004
MKKLLLIFLLFFSFNIFAQEKTIKGTVTDANDEPVIGASVIVKDTKTGTIADFDGNFSISVKSGDVLVISYLGYESQEIKVGSKTVINVKLKSDTELLDE,-3.4815661863201584,0.21,0.09000000000000001,9.622000000000007,10951.4964,4.893916893005371
MAAAAAAAAPAPAAAAAAAAAAAAAAAMSAPTTTAAAAAAAAAAAAAAAAAAAAAAAAAAAAAAAAAAAAAAAAAAAAAAAAAAAAAAAAAAAAAAAAAA,-0.4996453124586552,1.599,0.0,25.158,7430.230799999999,5.275022315979004
MSSSGYPPNQGAFSTEQSRYPPHSVQYTFPSTRHQQEFAVPDYRSSHLEVSQASQLLQQQQQQQLRRRPSLLSEFHPGSDRPQERRTSYEPFHPGPSPVD,-0.04545341901463651,-1.276,0.1,104.339,11525.3594,6.97132511138916
MATAAAAAAAAAAAAAAAAGSSSSSSSSSSSSAAAAAAAAAAAAAAAAAAAAAAAAAAAGASSGGASSGGASSGGASSGGGASSGGGASSGGGASSGGAS,-0.4996453124586552,0.6559999999999999,0.0,51.34999999999996,7381.4277999999995,5.275022315979004
MASSSSSSPSSSSASPSSPASSSPAPPPPPPPPSSSSSSPPPPPPSSSAPPPPPSSAPPPPPSSSAPPPPPSSSAPPPSSSAPPPPPPSSAPPPPPSSSA,-0.4996453124586552,-0.8630000000000001,0.0,191.03599999999994,9065.6519,5.275022315979004
MSAPSSPTAAPPAASPPPPAASPPPAPSPAPAPPSAPPSSPSSSPSSPSSSPSSPSSSPSPSPSPSPSPSPSPSPSPSPSSSPSSPPPSPSPSSPSSSPS,-0.4996453124586552,-0.8220000000000001,0.0,249.87600000000035,9029.489,5.275022315979004
MSAAASAPASSPAASSAASSASAPAPASSAPASSAPASSAPASSAPASSAPASSAPASSAPASSAPASSAPASSAPASSAPASSAPASSAPASSAPASSA,-0.4996453124586552,0.175,0.0,120.76599999999996,8278.5714,5.275022315979004
MATAAASSAPSAPSASSASSASSASSASSASSASSASSASSASSASSASSASSASSASSASSASSASSASSASSASSASSASSASSASSASSASSASSAS,-0.4996453124586552,0.122,0.0,74.69199999999998,8243.9874,5.275022315979004
MSTPDPPMGGTPRPGPSPGPGPSPGGMLGPSPGPGPSPGSAHSMMGPSPGPPSSGHPHPPQGPSGYPQDNMHQMHKPMESMHEKGMSDDPRYNQMKGMGM,-0.9715112200203411,-1.1520000000000001,0.02,83.58699999999999,10156.3515,6.563562202453612
MSASSSSSSSSSSSASASAASSSSSSSSSSSSSSSSSSSSSSSSSSTSSSSSSSSSSSSSSSSSSSSSSSSSSSSSSSSSSSSSSSSSSSSSSSSSSSSS,-0.4996453124586552,-0.642,0.0,181.85599999999994,8703.893600000001,5.275022315979004
MAAASYDQLLKQVEALLFNSSDPLPHEELLKLVGAAAGKDGGKKGIKKSKLKIEELVAELKAEYEAEAFEIVETGSGGLSVFANRPAWSRALGIEAPAKP,-2.388390310493026,-0.15500000000000003,0.06,32.35499999999999,10608.0521,5.437752342224121
MASSSSSSASSSSSSSSSSSSSSSSSSSSSSSSSSSSSSSSSSSSSSSSSSSSSSSSSSSSSSSSSSSSSSSSSSSSSSSSSSSSSSSSSSSSSSSSSSS,-0.4996453124586552,-0.7210000000000001,0.0,194.10399999999993,8737.8652,5.275022315979004
MSTAAASASASAAAAAAASAASTTAASASAAAAAASSSSSSSSSSSSSSSSSSSSSSSSSSSSSSSSSSSSSSSSSSSSSSSSSSSSSSSSSSSSSSSSS,-0.4996453124586552,-0.17200000000000004,0.0,137.55799999999996,8443.9576,5.275022315979004
MASSSAPSSSSASASASASASASASASASASSPSPSASAPASASASASAPASASSASAPASASAPASASASASAPASASASASAPASASASASASASAPA,-0.4996453124586552,0.291,0.0,68.07199999999999,8166.269400000001,5.275022315979004
MATAAGSGSAGSAGSAGSAGSAGSAGSAGSAGSAGSAGSAGSAGSAGSAGSAGSAGSAGSAGSAGSAGSAGSAGSAGSAGSAGSAGSAGSAGSAGSAGSA,-0.4996453124586552,0.24,0.0,11.134,7279.079,5.275022315979004
MKKILSIFLLLFSFSLFAQNTTVTGTVTDSSGEPIIGASVVVKGTTNGTITDFDGNFTLSNVKANSVLVVSYIGYKSQEVAVNGKTTINISLESDSEALD,-3.4876107662512954,0.315,0.08,13.729,10542.7909,4.647690391540528
MKLKKLEIQGFKSFADKTVIDFDKGVTAIVGPNGCGKSNIVDAIRWVLGEQSTKALRSEKMENIIFNGTKTRKPVNMAEVSLTLQNTKNILPTEYSQITI,4.498782500353963,-0.253,0.06,42.911,11101.8071,9.51857967376709
MAASAGGGAGAGAGAGAGAGAGAGAAGGGGAAAAAAAGAGGGGGGGGGGGGGGGGGGGGGGGGGGGGGGGGGGGGGGGGGGGGGGGGGGGGGGGGGGGGG,-0.4996453124586552,0.081,0.0,82.00500000000004,6121.8746,5.275022315979004
MSSSTTAAAAAAAAASSSSSSSSSSSSSSSSSSSSSSSSSSSSSSSSSSSSSSSSSSSSSSSSSSSSSSSSSSSSSSSSSSSSSSSSSSSSSSSSSSSSS,-0.4996453124586552,-0.537,0.0,179.92999999999995,8653.9226,5.275022315979004
MSTPASPGESQRGAPRFFVGCEDDESEVLEDSMRTDMELYEDDEDTDSPPERQIVVGICCMMKKSKSKPMTQILERLCRFEYITVVIFPEDVILNEPVDN,-13.497559663198526,-0.517,0.06,54.38399999999999,11411.7588,4.172459602355956
MSSSSSSSSSAAAPAPAPPPAPPPPPPPPPPPPPPPPPPPPPPPPPPPPPPPPPPPPPPPPPPPPPPPPPPPPPPPPPPPPPPPPPPPPPPPPPPPPPPP,-0.4996453124586552,-1.2890000000000001,0.0,197.26399999999992,9517.0512,5.275022315979004
MATLLLSAAGAAVGGSIGGTILGLSGVAIGRAVGATVGRAIDQRLLGSGSEAVETGRVDRLRLTSAGEGTAIARLWGRMRVAGQVIWATDFEERVSTSGG,1.5176692812269188,0.35,0.03,11.636999999999999,9967.2419,11.045771217346193
MASAAAAAAAAAGGGGGGGGGGGGGGGGGGGGGGGGGGGGGGGGGGGGGGGGGGGGGGGGGGGGGGGGGGGGGGGGGGGGGGGGGGGGGGGGGGGGGGGG,-0.4996453124586552,-0.161,0.0,118.49199999999999,5967.581999999999,5.275022315979004
MKLKEIDRTAMQAWSPAQQHPIYLATGTSAQQLDATFSTSASLEIFELDLSDPSLDMKSCATFSSSHRYHKLIWGPHSMTSGERVSGVLIAGGENGNVIL,-3.1472174406680518,-0.18800000000000006,0.07,30.21199999999999,10868.1366,5.685968208312987
MASLSLSSSLLPSSLSSSSSLPPSLPPLPSSPSSSLPSSPPPLPSSPSSSLPSSPPPLPSSLSSSLPSSPPPLPSSLSSSLPSSLPPSPPPLPSSPSSSL,-0.4996453124586552,-0.0750000000000001,0.0,167.082,9586.6455,5.275022315979004
MSAPVGPRGRPAPTPAASQPPLQPEMPDLSHLTEEERKIILAVMDRQKKEEEKEQSVLKRLHQQFEMYKEQVKKMGEESQQQQEQKGDAPTCGICHKTKF,-0.2300644509096621,-1.151,0.03,95.214,11438.9586,6.833945274353028
MASSSSPPSSSPPSSSSPPSSPSSPPSSPPSSSPPSSPSSPPSSPSSPPSSPSSSPSSPPSSPPSSPSSSPSSPPSSPPPSSPSSSPSSSPSSPSSSPSS,-0.4996453124586552,-1.0430000000000001,0.0,257.1880000000004,9125.2669,5.275022315979004
MATSTSAPSSASSSSASSSSASAPSSASSSSASSSSASSSSTSSSSTSSSSTSSSSSSSSTSSSSSSTSSSSSSSSSSSSSSSSSSSSSSSSSSSSSSSS,-0.4996453124586552,-0.548,0.0,145.95399999999995,8744.1314,5.275022315979004
MSTPDPPMGGTPRPGPSPGPGPSPGAMLGPSPGPSPGSAHSMMGPSPGPPSAGHSMPPQGPGGYPQDNMHQMHKPMESMHEKGMSDDPRYNQMKGMGMRA,-0.058695408174929575,-1.048,0.02,83.102,10181.4686,6.962401390075684
MASAAGAAGAGGGGGAGGGGGGGGGGGGGGGGGGGGAAAAAVAAAAAAAAAAAGGGGGGGGGAGGGGGGGGGGAAAAAAAAAAAAAAAAAGGGGGGGGGG,-0.4996453124586552,0.5670000000000001,0.0,66.50599999999999,6444.4863000000005,5.275022315979004
MAASAAAAAAAAAAAAAAAGGAAAAGGGGAAGGGGAAGGGGAAGGGGGGGGGGGGGAAAAAAAAAAAAAAAAAGGGGGGGGGGGGGGGGGGGGGGGGGAA,-0.4996453124586552,0.631,0.0,62.80399999999999,6472.5396,5.275022315979004
MASSSSSSSSSSSSSSSSSSSSSSSSSSSSSSSSSSSSSSSSSSSSSSSSSSSSSSSSSSSSSSSSSSSSSSSSSSSSSSSSSSSSSSSSSSSSSSSSSS,-0.4996453124586552,-0.747,0.0,197.95599999999993,8753.8646,5.275022315979004
MASLLGPAGSGKTTSVLLSLAAKQLKRPLYGNTMIITSSTNNAAVLIGDYLSKNLQFSGDELRVRRFMSKRLALSTMSRIVSLQAQEVGRYQYFSGRDHV,7.587441074370867,-0.07100000000000002,0.07,42.902,10954.5616,10.481092643737792
MSTPSPPSSSSPPSSSSSSSSSPSSSSSSPSSSSSSSSSSSSSSSSSSSSSSSSSSSSSSSSSSSSSSSSSSSSSSSSSSSSSSSSSSSSSSSSSSSSSS,-0.4996453124586552,-0.8280000000000001,0.0,209.062,8854.155900000002,5.275022315979004
MKRLLLLLLLAGLLPAAALPAGAAGAGAAPAAAAAAAAAAAAAGAAAAAGPAAAAGAGAGAAAAAGAGAGAGAGAAAGAGAGAAAAAAAAAAGAPAAAAA,1.499345686642343,1.315,0.0,16.909999999999993,7626.630300000001,11.000256538391113
MKRLILLLLLLPALSFSQTKVSGTITDSSGEPVIGATVLEKGTTNGVSTDFDGNFSINVSSNATLVISYVGYETQTVPINGQSTLNVSLKEDAQLLDEVV,-5.485993203787388,0.259,0.05,23.304999999999993,10546.8245,4.278464317321778
MSSSSSSSSSSSSSSSSSSSSSTTTTTTTTTTTTTTTTTTTTTTTTTTTTTTTTTTTTTTTTTTTTTTTTTTTTTTTTTTTTTTTTTTTTTTTTTTTTTT,-0.4996453124586552,-0.695,0.0,52.81399999999999,9863.938800000002,5.275022315979004
MAASSSSSSSSSSSSSSSSSSSSSSSSSSSSSSSSSSSSSSSSSSSSSSSSSSSSSSSSSSSSSSSSSSSSSSSSSSSSSSSSSSSSSSSSSSSSSSSSS,-0.4996453124586552,-0.7210000000000001,0.0,196.02999999999994,8737.8652,5.275022315979004
MATSLGSSSSSSSSSSSSSSSSSSSSSSSSSTSSSSSSSSSSSSSSSSSSSSSSSSSSSSSSSSSSSSSSSSSSSSSSSSSSSSSSSSSSSSSSSSSSSS,-0.4996453124586552,-0.695,0.0,186.39999999999995,8777.9721,5.275022315979004
MSTSPSSPPSSSPSSSPPSASSPSPPSSSSPSSSSSSSSSSSSSSSSSSSSSSSSSSSSSSSSSSSSSSSSSSSSSSSSSSSSSSSSSSSSSSSSSSSSS,-0.4996453124586552,-0.8260000000000001,0.0,212.61400000000003,8868.2702,5.275022315979004
MAAAGAAAAAAAAAAAAAAAGSGGGGGGGGGGGGGGGGGGGGGGGGGGGGGGGGGGGGGGGGGGGGGGGGGGGGGGGGGGGGGGGGGGGGGGGGGGGGGG,-0.4996453124586552,0.014999999999999989,0.0,105.30300000000007,6079.7948,5.275022315979004
MASSSSSSSSSSSSASSSSSSSSSSSSSSSSSSSSSSSSSSSSSSSSSSSSSSSSSSSSSSSSSSSSSSSSSSSSSSSSSSSSSSSSSSSSSSSSSSSSS,-0.4996453124586552,-0.7210000000000001,0.0,194.10399999999993,8737.8652,5.275022315979004
MAAAAAAAAAPGPAGPAGPAGPAGAAGAAGAAGPAGAAGPAGAAGPAGPAGPAGPAGAAGPAGPAGPAGPAGAAGAAGAAGPAGPAGAAGAAGPAGPAGA,-0.4996453124586552,0.495,0.0,37.539999999999985,7259.8341,5.275022315979004
MASALGSPGPQRALLDKYCVTCHNARLKTGGLALDGLDIAKAAENAEVWEKVVRKLRAGVMPPPDMPQPPLAAYEQLRDFLETEIDRNAAAKPNPGSLVL,-0.41673777431577363,-0.228,0.04,43.69199999999998,10720.2861,6.5574235916137695
MSTPDPPMGGTPRPGPSPGPGPSPGGMLGPSPGPGPSPGSAHSMMGPSPGPPSSGHPHSQPGPSGYPQDNMHQMHKPMESMHEKGMSDDPRYNQMKGMGM,-0.9715112200203411,-1.1440000000000001,0.02,83.875,10146.3136,6.563562202453612
MKKIIIILLLISSFSFSQNKISGKVIDEKNQPLPGANVVIKGTSTGTITDIDGNFSLEVPSNAKILVVSFVGYKTQEVEVGNQTTLSITLEEDAELLDEV,-5.480548820964758,0.183,0.05,17.439000000000007,10796.2593,4.525372886657714
MASLLGAAAGGAVSQLTDQFSGKVEEARLFDGLKAQLTATGQSMAAAGRDAGQSGASADKYAKKMEDQARQIDAATRKLKEQQAEIKKLASEGPQGAAAA,0.5139120154296624,-0.435,0.03,35.279999999999994,10168.2618,7.985521507263185
MASLLSQSLLTYVEEGNVPALKALLEKCRDVDERNENGQTPLMLAAEQGNLEIVQELLKKGANCNLEDADNWTALISAAKEGHAAIVAELLNYNVNLEHR,-8.313913335402605,-0.229,0.03,19.27499999999999,10959.2655,4.582893943786622
MSSSGYPPNQGAFSTEQSRYPPHSVQYTFPSTRHQQEFAVPDYRSSHLEVSQASQLLQQQQQQQLRRRPSLLSEFHPGSDRPQERRTSYEPFHPGPSPVD,-0.04545341901463651,-1.276,0.1,104.339,11525.3594,6.97132511138916
MATLAERLAAVSPEQRAMFERRLARRAAGGGPRRPRAPRRPAGGGAAPGPGAAAGAPAGAGAPGAGAAAAAAAAAPAPAAGPGPGGPAGPGAPAAAAAAA,7.508676074560964,-0.022000000000000006,0.01,68.10999999999997,8839.8918,11.999967765808105
MSSPPPPPAPPPAPPPPPPPPPPPPPPPPPAPPPPPPPPAPPPPPPPPPPPPPPPPPPPPPPPPPPPPPPPPPPPPPPPPPPPPPPPPPPPPPPPPPPPP,-0.4996453124586552,-1.413,0.0,205.50999999999996,9639.3911,5.275022315979004
MSTSTSAPPPPASAPAAPAAAPAAASAAAAAAAAPAPAPAPAAAAAAAAAAAAAAAAAAAAAAAAAAAAAAAAAAAAAAAAAAAAAAAAAAAAAAAAAAA,-0.4996453124586552,1.247,0.0,50.88799999999999,7612.3827,5.275022315979004
MKLKEIDRTAMQAWSPAQNHPIYLATGTSAQQLDATFSTSASLEIFELDLSDPSLDMKSCATFSSSHRYHKLIWGPHGMTSDELSSGVLIAGGENGNVIL,-5.146086679828206,-0.18200000000000002,0.07,29.929,10827.0383,5.088078880310058
,,,,,18.0153,
MSSSSSSSSSSSSSSSSSSSSSSSSSSSSSSSSSSSSSSSSSSSSSSSSSSSSSSSSSSSSSSSSSSSSSSSSSSSSSSSSSSSSSSSSSSSSSSSSSSS,-0.4996453124586552,-0.7730000000000001,0.0,203.04199999999992,8769.864000000001,5.275022315979004
MAAPLGRDTLPDCCSPGSKGSSSRKTSKSGAPAPGEAQPPSERFFRAAEEGQLGALRQMLGEAAADLNARGGPRSTPLHLAAGAGHSDCVRELLRRGADA,1.6643696682949614,-0.556,0.02,46.11999999999998,10182.267,8.632139396667483
MASASASASSSSSSSSSSSSSSSSSSSSSSSSSSSSSSSSSSSSSSSSSSSSSSSSSSSSSSSSSSSSSSSSSSSSSSSSSSSSSSSSSSSSSSSSSSSS,-0.4996453124586552,-0.669,0.0,186.39999999999995,8705.8664,5.275022315979004
MSSSGSSSSSSAAAAAAAAAAAAAAAAAAAAAAAAAAAAAAAAAAAAAAAAAAAAAAAAAAAAAAAAAAAAAAAAAAAAAAAAAAAAAAAAAAAAAAAAA,-0.4996453124586552,1.545,0.0,27.776,7315.8914,5.275022315979004
MASASSSSSSSSSSSSSSSSSSSSSSSSSSSSSSSSSSSSSSSSSSSSSSSSSSSSSSSSSSSSSSSSSSSSSSSSSSSSSSSSSSSSSSSSSSSSSSSS,-0.4996453124586552,-0.7210000000000001,0.0,194.10399999999993,8737.8652,5.275022315979004
MASSSSSPSSSSSSSSSSSSSSSSSSSSSSSSSPSSPSSSSSPSPSSPSSPSSSSSSSSSSSSSSSSSSSSSSSSSSSSSSSSSSSSSSSSSSSSSSSSS,-0.4996453124586552,-0.8030000000000002,0.0,215.23200000000008,8824.1299,5.275022315979004
MATLSLRIAGMRSRSNSKLRRLLEQEAPVDILIQCGYYSERRSLHAEKLLLKSRRSGRVCHFVVLTSQELAFRAFASRCRELVRSKENLLWLSTSREPSA,9.662460545984995,-0.30300000000000005,0.06,81.756,11536.31,10.793893241882326
MSASTSSSASSSSSSSSSSSSSSSSSSSSSSSSSSSSSSSSSSSSSSSSSSSSSSSSSSSSSSSSSSSSSSSSSSSSSSSSSSSSSSSSSSSSSSSSSSS,-0.4996453124586552,-0.72,0.0,191.48599999999993,8751.891800000001,5.275022315979004
MAASLASQLAQIAANSKATLNTKAQKVSHSKSFLFEPRVAQSQQFQTLYQICSDFFEGLDDKLKLFEPFQSADVSAASQSREQVAQLIEKGEQTAERALE,-2.3981901026825376,-0.369,0.08,37.40799999999999,11027.2104,5.3748884201049805
MSSSGYPPNQGAFSTEQSRYPPHSVQYTFPSTRHQQEFAVPDYRSSHLEVSQASQLLQQQQQQQLRRRPSLLSEFHPGSDRPQERRTGYEQFHPGPSPVD,-0.04545341901463651,-1.291,0.1,99.961,11526.3474,6.97132511138916
MSTSSSTTSSSSSSSSSSSSSSSSSSSSSSSSSSSSSSSSSSSSSSSSSSSSSSSSSSSSSSSSSSSSSSSSSSSSSSSSSSSSSSSSSSSSSSSSSSSS,-0.4996453124586552,-0.77,0.0,193.41199999999992,8811.943800000001,5.275022315979004
MKKILLFLFIFFSLNSFAQNNSIKGKVISSEDGSPLPGVSIIVKGTTTGTTTDFDGEYSIEVNSSDVLVFSFIGYTTQEIPVGSKSTINVSLESDVASLE,-5.479933464144688,0.25,0.1,25.306999999999995,10720.9738,4.463816261291503
MSTPDPPMGGTPRPGPSPGPGPSPGGMLGPSPGPGPSPGSAHSMMGPSPGPPSAGHPIPTQGPGGYPQDNMHQMHKPMESMHEKGLSDDPRYNQMKGMGM,-1.0586854082749282,-1.0170000000000001,0.02,71.969,10072.2947,6.480861473083496
MSTAASPAPASSPAAAAPAAPPAAAAAPPAAAAAPPAAAAAPPAAAAAPPAAAAAPPAAAAAPPAAAAAPPAAAAAPPAAAAAPPAAAAAPPAAAAAPPA,-0.4996453124586552,0.72,0.0,105.89999999999998,8008.991400000001,5.275022315979004
MSSSSPPSASSSPSSSSSSSSSSSSSSSSSSSSSSSSSSSSSPPSASSSPSSSSSSSSSSSSSSSSSSSSSSSSSSSSSSSSSSSSSSSSSSSSSSSSSS,-0.4996453124586552,-0.769,0.0,205.20999999999995,8798.0926,5.275022315979004
MSSLLDQIVKDAALRGAVTVSGASTLTHVFRCGLDSPARTAVFADCLVEPLPYADLLRAIDGYARALHAHGVRRGDRVLLALPSGPDYVALFWGCLRIGA,0.7398648284040323,0.40099999999999997,0.06999999999999999,39.054999999999986,10620.1962,7.775290107727051
MSTPDPPMGGTPRPGPSPGPGPSPGAMLGPSPGPSPGSAHSMMGPSPGPPSAGHSMPPQGPGGYPQDNMHQMHKPMDAMHEKGMSDDPRYNQMKGMGMRS,-0.06038510920829587,-1.048,0.02,85.57000000000001,10167.442,6.961264610290528
MKKLLLFLLLLPLSLLAQETKVISGTVTDASGEPIPGATVVVKGTTNGTQTDFDGNFSINASTNDTLVISYIGYTTQEVAVGNQSTINITLEEGAELLEE,-8.47343529914011,0.204,0.05,10.399,10545.7903,4.1347753524780275
MASSSSSPPPSSSSSAPSSPPPSASSSSSSSSSSSSPPPSSSSSAPSSSSPSSSSSSSPPSSSSSSSSSSSSSSSSSSSSSSSSSSSSSSSSSSSSSSSS,-0.4996453124586552,-0.7810000000000001,0.0,202.59199999999996,8846.397,5.275022315979004
MATAASAAASSSSSPSPSSSPSSSPSSSPSSSPSSSPSSSPSSSPSSSPSSSPSSSPSPSPSPSPSPSPSPSPSPSPSPSPSPSPSPSPSPSPSPSPSPS,-0.4996453124586552,-0.88,0.0,265.9180000000003,9019.144900000001,5.275022315979004
MSSLLSSSLSPSLSSSSSSSSSSSSSSSSSSSSFSSSSSSSSSSSSSSSSSSSSSSSSSSSSSSSSSSSSSSSSSSSSSSSSSSSSSSSSSSSSSSSSSS,-0.4996453124586552,-0.561,0.01,188.17599999999993,8944.3196,5.275022315979004
MKRMLINATQQEELRVALVDGQRLYDLDIESPGHEQKKANIYKGKITRIEPSLEAAFVDYGAERHGFLPLKEISREYFPANYNAHGRPNIKDVLREGQEV,-1.2136718724783808,-0.7170000000000001,0.08,58.94799999999998,11525.9289,6.293463325500488
MKRIIAFLIENKPGALSRVSGLFSRRGFNIDSLAVGPTEDETLSRMTLVVNVEDLQLEQVTKQLHKLINVLKIIELDPSESVQRELMLIKIKADNSSRSE,-0.3833988882714756,-0.11100000000000002,0.03,62.65299999999998,11275.9866,6.597267723083497
MKKKLLSLFLAITLVLGTLPTSALAEGTDTTAAATTTTETTATETTATETTATETTAAETTATETTATETTAAETTATETTAAETTAAETTAAETTAAET,-12.46217508689087,-0.09899999999999999,0.01,21.258,9957.636700000001,4.0500284194946286
MAAAGGGAAAAGGGGGGGGGGGGGGGGSRVAAAAAAAAGGGGGGGGGGGGGGGGGGGGGGGGGGGGAGGGGGGGGGGGGGGGGGGGGGGGGGGGGGGGGG,0.5003446876413439,-0.02400000000000001,0.0,105.14600000000006,6192.9556999999995,9.500077247619632
MKLKEVDRTAMQAWSPAQQHPIYLATGTSAQQLDATFSTSASLEIFELDLSDPSLDMKSCATFSSSHRYHKLIWGPHSMTSGERVSGVLIAGGENGNVIL,-3.1472174406680518,-0.191,0.07,26.782999999999994,10854.11,5.685968208312987
MASSSGAAAAAAAAAAAAAAAAAAAASSSGSGSGSGSGSGSGSGSGSGSGSGSGSGSGSGSGSGSGSGSGSGSGSGSGSGSGSGSGSGSGSGSGSGSGSG,-0.4996453124586552,-0.07900000000000001,0.0,17.989,7322.9146,5.275022315979004
MAAAAGGGGGGGGGGGGGGGGGGGGGGGGGGGGGGGGGGGGGGGGGGGGGGGGGGGGGGGGGGGGGGGGGGGGGGGGGGGGGGGGGGGGGGGGGGGGGGG,-0.4996453124586552,-0.28900000000000003,0.0,127.12999999999994,5853.3964,5.275022315979004
MSSSTSSPSASSSASSSSSSSSSSSSPASSSSSASSSSSASSSSSSSSSPSSSSSSSSSSSSSSPSSSSSSSSSSSSSSSSSSSSSSSSSSSSSSSSSSS,-0.4996453124586552,-0.674,0.0,191.72799999999995,8744.0452,5.275022315979004
MKKIISYFIEYPLAVNVIMLFFIAFGVIGATSLKSSFFPLVDSKNININITYPGASPQEIEEGIILKIEDNLKGLVGVDRVTSVSRENSGTINVEIEKGK,-1.4848083446424507,0.295,0.09,54.393999999999984,10994.6814,5.364145851135253
MSAPAGPRGRLAPTPAASQISSASSSSSSSSSSSSSSVAPPSSTSGTLSRLQQPLPPGSRLPNPSNSHGHPGFPQQGILGSSAFSQLASGSGPGPGPGPG,3.6746630644505154,-0.47800000000000004,0.02,83.90199999999999,9462.1185,11.999967765808105
MKKLLFLLLFLSSLLFSQNKIITGVVSDENNLPIPGANVIIKGTNIGTVTDIDGKFSISAPSSATLVFSYIGFETIEKSVNGRSTINVSLKEDSKALEEV,-1.4873005057510227,0.317,0.06999999999999999,31.48500000000001,10749.2937,5.277636909484862
MASLLGPAGTGKTTSVLMSALKHVTGHHPYRTLILAPTQSSVDSLRAYIAEKLHLQSFDIHVFTARRLALRVLSQLGTPPLLEVDEHGRQKVLRSLVEER,4.034740404560436,-0.03100000000000003,0.04,49.44099999999999,11034.6948,9.97862606048584
MSSPAPPPPAAAAAAAAAAAAAAAAAAAAAAAAAAAAAAAAAAAAAAAAAAAAAAAGAAAAAAAAAAAAAAAAAAAAAAAAAAAAGRRGARRGGRRGGRR,7.500274688341337,0.921,0.0,53.304999999999986,7930.784900000001,11.999967765808105
MSSLSRELVFLILQFLDEEKFKETVHKLEQESGFFFNMKYFEDEVHNGNWDEVERYLLGFTKIDDNRYSMKIFFEIRKQKYLEALDKHDRSKAVDILVKD,-5.206164468435485,-0.597,0.15,36.54699999999999,12193.7272,5.22466297149658
MKLLLSLLVLSLSLSSAAAQSAAASSAAAAAAAAAAAAASSAAAAAAAAAAAAAAAATAAAAAAAAAAAAAAAAAASAAAAAASAAAAAAAAAAAAAAAA,0.49935568654234397,1.538,0.0,19.223000000000003,7886.7786,8.500108146667483
MSSSTSSSSSSSSSSSSSSSSSSSSSSSSSSSSSSSSSSSSSSSSSSSSSSSSSSSSSSSSSSSSSSSSSSSSSSSSSSSSSSSSSSSSSSSSSSSSSSS,-0.4996453124586552,-0.772,0.0,199.18999999999994,8783.8906,5.275022315979004
MASASASAAAAPPPPPPPAPSASSAAPAPAPPSAAAAAAAAAAPAPPAAPPPPPAAPAAAAAAAAAAAAAAPAAPPAAAAAAPAAAAAAAPAAAAAPAAA,-0.4996453124586552,0.701,0.0,92.02599999999998,8000.926299999999,5.275022315979004
MSAPSPASPPAPAAPAAAPAASAPAAPAAAAAPAPAPAAAAAPAAAPAPAAAAPAAAAAAAAPAAAPAPAAAAAPAAAAAPAAAPAAAAAPAAAPAAAAA,-0.4996453124586552,0.8809999999999999,0.0,109.75199999999998,7874.816199999999,5.275022315979004
MSAASAAAAAAAAAAASASGSSSAAAAAAAASAAAAAAAASAAAASAAAASAAAASAAAASAAAASAAAASAAAASAAAASAAAASAAAASAAAASAAAA,-0.4996453124586552,1.2590000000000001,0.0,18.146,7491.8848,5.275022315979004
MSTASPSPPAAAAPAAAAPAAAAAAAAAPAAAAAAAAAAAAAPAAAAAAAAAAAAAAAAAAAAAAAAAAAAAAAAAAAAAAAAAAAAAAAAAAAAAAAAA,-0.4996453124586552,1.46,0.0,44.267999999999994,7446.208699999999,5.275022315979004
MSAAAAAAGAGAGAGGAGAGAGAGAGAGAGAGAGAGAGAGAGAGAGAGAGAGAGAGAGAGAGAGAGAGAGAGAGAGAGAGAGAGAGAGAGAGAGAGAGAG,-0.4996453124586552,0.741,0.0,-22.677000000000014,6542.6726,5.275022315979004
MAASSSSSSSAAAASSSSSSSSSSSSSSSSSSSSSSSSSSSSSSSSSSSSSSSSSSSSSSSSSSSSSSSSSSSSSSSSSSSSSSSSSSSSSSSSSSSSSS,-0.4996453124586552,-0.617,0.0,186.39999999999995,8673.867600000001,5.275022315979004
MKKILSLFLVLSLVLSLLSVTAVADEGDDGGSGSSGGSGGSGGSGSSGGSGGSGSSGGSGGSGGSGGSGGSGGSGGSGGSGGSGGSGGSGGSGGSGGSGG,-2.495470569663913,-0.04900000000000003,0.01,40.970999999999975,7921.986800000001,4.225490379333496
MAAPLLAPPGPDSFKKFTRESLAAIEKRIAEEKAKKPPKPRSDSDDDDDGPKPNSDLEAGKSLPFIYGDIPPGMVSEPLEDLDPYYINKKTFIVLNKGKA,-2.483657723991911,-0.764,0.07,48.877999999999986,10941.3253,5.146111488342284
MSSSGYPPNQGAFSTEQSRYPPHSVQYTFPSTRHQQEFAVPDYRSSHLEVSQASQLLQQQQQQQLRRRPSLLSEFHPGSDRPQERRTSYEPFHPGPSPVD,-0.04545341901463651,-1.276,0.1,104.339,11525.3594,6.97132511138916
MAAAGAAAGAAAAAAAAAAAAAAAAAAAAAAAAAAAAAAAAAAAVAAAAAAAAAAAAAAAAAAAAAAAAAAAAAAAAAAAAAAAAAAAAAAAAAVAAAAA,-0.4996453124586552,1.805,0.0,9.436,7213.9764,5.275022315979004
MASLLGPAALGFLLSLLLLWAGGAEAEKSKPSFVKAPQISHKGPSSMGTLNGEFGVSVPGHPAAQRVKRNSDTQSSHISISLGKMTMINGQGPCGVCCSG,3.7357124230735437,0.08999999999999997,0.04,37.403999999999996,10163.675,9.30170803070068
MASLLGPAGTGKTYCLSSRIIAHLCQGRSVDQIAVVAPTGYAAQNIGSRTIHSLIALHHGEAPPERLDGFQGDRAYTLVRKLVAQAKEAKRTVLITPATL,4.833980122807824,0.05599999999999999,0.04,34.262,10591.1357,9.691548347473145
MSTPDPPMGGTPRPGPSPGPGPSPGGMMGPSPGPSPGSAHSMMGPSPGPPSAGHPMPPQGPGGYPQDNMHQMHKPMDSMHEKGMSDDPRYNQMKGMGMRP,-0.06038510920829587,-1.131,0.02,85.781,10207.529,6.961264610290528
MASAAAAAAAAAAAAAAAAAAVAAAAAAAVAVAAAAAVAAAAAAAAAAAAAAAAAAAAAAVAAAAAVAAVAAAAVVAAAAVAAAAAAAAAAAAAAAAAAA,-0.4996453124586552,2.015,0.0,11.134,7482.453799999999,5.275022315979004
MSAPVGPRGRPAATPAASQPPLQPEMPDLSHLTEEERKIILAVMDRQKKEEEKEQSVLKKLHQQFEMYKEQVKKMGEESQQQQEQKGDAPTCGICHKTKF,-0.23105345200866267,-1.111,0.03,89.179,11384.9079,6.833490562438965
MSAASAAAAASSASSSSAAAAAAAAAAAAAAAAAAAAAAAAAAAAAAAAAAAAAAAAAAAAAAAAAAAAAAAAAAAAAAAAAAAAAAAAAAAAAAAAAAA,-0.4996453124586552,1.5930000000000002,0.0,21.998000000000005,7313.918599999999,5.275022315979004
MSASTSSAASSSSSSSSSSSSSSSSSSSSSSSSSSSSSSSSSSSSSSSSSSSSSSSSSSSSSSSSSSSSSSSSSSSSSSSSSSSSSSSSSSSSSSSSSSS,-0.4996453124586552,-0.6940000000000001,0.0,189.55999999999995,8735.8924,5.275022315979004
MSAPAGPRGGPAAPQPLPAPVGAPVPAPPAQTPLAPPPAAQPLAPADAQPEAAQPQAPAGAPHGAHPALAAGPPTEPPAEEAKPAEQPAAEAPQAAAPEA,-6.3055119420961665,-0.389,0.0,96.30599999999998,9350.3302,4.416412544250489
MSSSSSSSSSSSSSSSSSSSSSSSSSSSSSSSSSSSSSSSSSSSSSSSSSSSSSSSSSSSSSSSSSSSSSSSSSSSSSSSSSSSSSSSSSSSSSSSSSSS,-0.4996453124586552,-0.7730000000000001,0.0,203.04199999999992,8769.864000000001,5.275022315979004
MSAAAAPAAAPPAPPPPPPPAAAPAAAPAAASAPAAAPAAAPAPAAPAAPAPAPAPAPAPAPAPAPAPAPAAAPAAAPAAAPAAAPAAAPAAAPAPAPAP,-0.4996453124586552,0.491,0.0,141.40999999999994,8181.302299999999,5.275022315979004
MASLLGPAGAGKSTLLSLLAARASGGTLSGEILFNGHPLTPARLKVYSAYVGERDVMWGSLSVREHLEFVAALKMERRDAARRAERVLRERLGLTPQLDT,3.6926335767875074,-0.04400000000000003,0.05,25.350000000000005,10803.3846,10.124646949768067
MSSSSSSSSSSSSSSSSSSSSSSSSSSSSSSSSSSSSSFSSSSSSSSSSSSSSSSSSSSSSSSSSSSSSSSSSSSSSSSSSSSSSSSSSSSSSSSSSSSS,-0.4996453124586552,-0.737,0.01,199.18999999999994,8829.960500000001,5.275022315979004
MAASAAAAAAAAAAAAAAAAAAAAAAAAAAAAAAAAAAAAAAA,-0.4996453124586552,1.7418604651162792,0.0,12.637209302325582,3150.4824999999996,5.275022315979004
MASLSLSSLSSSSSSSSSSSSSSSSSSSSSSSSSSSSSSSSSSSSSSSSSSSSSSSSSSSSSSSSSSSSSSSSSSSSSSSSSSSSSSSSSSSSSSSSSSS,-0.4996453124586552,-0.6090000000000001,0.0,186.39999999999995,8832.105500000001,5.275022315979004
,,,,,18.0153,
MASSSSSSSSSSSSSSSSSSSSSSSSSSSSSSSSSSSSSSSSSSSSSSSSSSSSSSSSSSSSSSSSSSSSSSSSSSSSSSSSSSSSSSSSSSSSSSSSSS,-0.4996453124586552,-0.747,0.0,197.95599999999993,8753.8646,5.275022315979004
MKLKEVDRTAMQAWSPAQNHPIYLATGTSAQQLDATFSTNASLEIFELDLSDPSLDMKSCATFSSSHRYHKLIWGPHNMTSGERVSGVLIAGGENGNVIL,-3.1472174406680518,-0.24500000000000002,0.07,25.722000000000005,10894.134,5.685968208312987
MSAASYPSLLPASSPSPSPSASAAAASAAAAAAAAAAAAAAASSASPSSSASPSPSAAAAAAAAAASSASPSPSAAAAAAAAAAAAAAASSASPSPSAAA,-0.5006443134576561,0.648,0.01,96.06200000000001,8138.6083,5.274794960021972
MATATTSTTSTTSTASSSSTSASTSSSTSSSTSSSTSSSTSSSTSSSTSSSTSSSTSSSTSSSTSSSTSSSTSSSTSSSTSSSTSSSTSSSTSSSTSSST,-0.4996453124586552,-0.64,0.0,90.09999999999998,9112.6378,5.275022315979004
MSSSSSSSSSSSSSSSSSSSSSSSSSSSSSSSSSSSSSSSSSSSSSSSSSSSSSSSSSSSSSSSSSSSSSSSSSSSSSSSSSSSSSSSSSSSSSSSSSSS,-0.4996453124586552,-0.7730000000000001,0.0,203.04199999999992,8769.864000000001,5.275022315979004
MSSSSSSSSSSSSSSSSSSSSSSSSSSSSSSSSSSSSSSSSSSSSSSSSSSSSSSSSSSSSSSSSSSSSSSSSSSSSSSSSSSSSSSSSSSSSSSSSSSS,-0.4996453124586552,-0.7730000000000001,0.0,203.04199999999992,8769.864000000001,5.275022315979004
MSAPVGPRGRPAPTPAASQPPPQPEMPDLSHLTEEERKIILAVMDRQKKEEEKEQSVLKKLHQQFEMYKEQVKKMGEESQQQQEQKGDAPTCGICHKTKF,-0.23105345200866267,-1.199,0.03,91.69699999999999,11394.9028,6.833490562438965
MSSSGYPPNQGAFSTEQSRYPPHSVQYTFPSTRHQQEFAVPDYRSSHLEVSQASQLLQQQQQQQQLRRRPSLLSEFHPGSDRPQERRTSYEPFHPGPSPV,0.9502449184382176,-1.276,0.1,107.76799999999999,11538.4012,8.229211997985843
MSSPSAPSPPPPSSSSSSSSSSSSSSSSAPPPPPPPPPPPPPPPPPPPPPPPPPPSPPSPPPPPPPPPPPPPPPPPPPPPPPPPPPPPPPPPPPPPPPPP,-0.4996453124586552,-1.321,0.0,209.062,9490.7077,5.275022315979004
MSTPDPPMGGTPRPGPSPGPGPSPGAMLGPSPGPSPGSSHSMMGPSPGPPSSGHSQPGPSGYGQDNMHPLHKPMEGMHEKSLSQEGSEGPPSGLGTPQPP,-3.0532980043101947,-1.028,0.01,87.02899999999998,9772.704,5.848357200622559
MSSPAPPSASAAAAAAAAAAAAAAAAAAAAAAAAAAAAAAAAAVAAAAAAAAAAAAAAAAAAAAAAAAAAAAAAAAAAAAAAAAAAAAAAAAAAAAAAAA,-0.4996453124586552,1.619,0.0,28.317999999999998,7356.085999999999,5.275022315979004
MSASSAAPAPAAAAPAASAPPAAPAAAAPAAAAPAAAAPAAAAPAAAAPAAAAPAAAAPAAAAPAAAAPAAAAPAAAAPAAAAPAAAAPAAAAPAAAAPA,-0.4996453124586552,0.983,0.0,95.18599999999998,7796.704299999999,5.275022315979004
MSSSGYPPNQGAFSTEQSRYPPHSVQYTFPSTRHQQEFAVPDYRSSHLEVSQASQLLQQQQQQQLRRRPSLLSEFHPGSDRPQERRTSYEPFHPGPSPVD,-0.04545341901463651,-1.276,0.1,104.339,11525.3594,6.97132511138916
MAASSSPAAAAAAAAAAAAAGAGAGGGAGAGAAGGAGAGAGAGAGAGGGGGAGGAGAGGGGGGGGGGGGGGGGGGGGGGGGGGGGGGGGGGGGGGGGGGG,-0.4996453124586552,0.259,0.0,71.12,6348.229899999999,5.275022315979004
MATAAGAGAAAGAAAGAAAGAAAGAAAGAAAGAAAGAAAGAAAGAAAGAAAGAAAGAAAGAAAGAAAGAAAGAAAGAAAGAAAGAAAGAAAGAAAGAAAG,-0.4996453124586552,1.226,0.0,-9.241999999999999,6865.2844000000005,5.275022315979004
MKLSLLLLFFFSFLSLSSAATTSPSTSSSSSPSPSPSPSPSPSSSPSPSSSSSSSPSPSPSPSPSPSSSPSSSPSSSSSSSSSSSSSSSSSSSSSSSSSS,0.49935568654234397,-0.41900000000000004,0.04,197.383,9414.6324,8.500108146667483
MSSLLSSLLLLLLLLLLLSLLLLLLLLLLLLLLLLLLLLLLLLLLLLLLLLLLLLLLLLLLLLLLLLLLLLLLLLLLLLLLLLLLLLLLLLLLLLLLLLL,-0.4996453124586552,3.5509999999999997,0.0,18.146,11221.4122,5.275022315979004
MAAPLLAPPGPDSFKKFTRESLIAIEQRIKEEKNKKPPKQDSSYRDDDDENKPKPNSDLEAGKSLPYIYGDIPKGLVAVPLEDFDPYYLTQKTFVVLNRG,-1.485787485830759,-0.86,0.09,42.376999999999974,11295.6651,5.451677894592284
MASSLGEPAPPAASGQAPDAAAAAAAAAAAGGGAAPAALGPGLGGGGGGGGGSGAAAGNGGGGGGGAAAAAGGGGGGGGGGGGGGGGGGGGGGGGGGGGG,-2.4957140895456003,0.153,0.0,76.35700000000001,6977.069100000001,4.0500284194946286
MASAAGGAGGGGGGGGGGGGGGAGGGGGGGGGGGGGGGGGGGGGGGGGGSGGGGGGGGGGGGGGGGGGGGGGGGGGGGGGGGGGGGGGGGGGGGGGGGGG,-0.4996453124586552,-0.275,0.0,118.02799999999998,5927.474999999999,5.275022315979004
MSSSSSSSSSSSSSSSSSSSSSSSSSSSSSSSSSSSSSSSSSSSSSSSSSSSSSSSSSSSSSSSSSSSSSSSSSSSSSSSSSSSSSSSSSSSSSSSSSSS,-0.4996453124586552,-0.7730000000000001,0.0,203.04199999999992,8769.864000000001,5.275022315979004
MASSASAAPAPSASAAPAAPAPSASAAPAAPAPSASAAPAAPAPSASAAPAAPAPSASAAPAAPAPSASAAPAAPAPSASAAPAAPAPSASAAPAAPAPS,-0.4996453124586552,0.39699999999999996,0.0,113.21199999999997,8182.8812,5.275022315979004
MSSPAPPSSPSAAAAAAAAAAAAAAAAAAPAAPAAAAAAAAAAAAAAAAAPAAAAAAPPAAAAAAAAAAPPAAAPPAAAAAAPPAAAAAPPPAAAAPPAA,-0.4996453124586552,0.991,0.0,84.71399999999998,7786.6664,5.275022315979004
MAASAAASSASPPPAPAPAPSASAPAASPPPAPAAPPPPAPPAAPPPPAAPPPPAAPAPPPPAAPPPPAAPAPPPPAAPPPPAAPAPAPPPPAAPAPAPA,-0.4996453124586552,-0.14900000000000005,0.0,162.44599999999994,8651.8588,5.275022315979004
MKLKEVDRTAMQAWSPAQQHPIYLATGTSAQQLDATFSTSASLEIFELDLSDPSLDMKSCATFSSSHRYHKLIWGPHKMDSKGNVSGVLIAGGENGNIIL,-2.150895143799417,-0.24100000000000002,0.07,38.074999999999996,10880.1903,6.014156532287596
MAAAAAGAAGGGGSGGGGGGGGGGGGGGGGGGGGGGGGGGGGGGGGGGGGGGGGGGGGGGGGGGGGGGGGGGGGGGGGGGGGGGGGGGGGGGGGGGGGGG,-0.4996453124586552,-0.22700000000000004,0.0,118.87699999999998,5925.5022,5.275022315979004
MAASLAALALLLLLLLAPAPAPAAAAAAAAAAAAAAAAAAGGGAAGGGGGAAAAAAAAAAAGGGGGGGGGGGGGGGGGGGGGGGGGGGGGGGGGGGGGGG,-0.4996453124586552,0.8190000000000001,0.0,75.28800000000001,6999.5018,5.275022315979004
MAAAAAAAAAAAAAAAGAGGGGGGGGGGGGGGGGGGGGGGGGGGGAGGGGGGGGGGGGGGGGGGGGAGGGGGAGGGGGGGGGGGGGGGGGGGGGGGGGGG,-0.4996453124586552,0.04099999999999999,0.0,100.28800000000007,6063.7954,5.275022315979004
MAAAAAAAAAAAAAAGGGGGGGGGGGGGGGGGGGGGGGGGGGGGGGGGGGGGGGGGGGGGGGGGGGGGGGGGGGGGGGGGGGGGGGGGGGGGGGGGGGGG,-0.4996453124586552,-0.069,0.0,114.79000000000002,5993.662399999999,5.275022315979004
MATLSLKISIPESHLQKVVSELATLGKQHQQAAEKARKASASASRSLADIGSSAASLSRSLAGALAIAATVEYAKQYIKMSQQIDALTTKSNQLKNAQQQ,5.677167423134035,-0.23,0.02,50.34199999999999,10538.8977,9.917123222351073
MSSSSSSSSSSSSSSSSSSSSSSSSSSSSSSSSSSSSSSSSSSSSSSSSSSSSSSSSSSSSSSSSSSSSSSSSSSSSSSSSSSSSSSSSSSSSSSSSSSS,-0.4996453124586552,-0.7730000000000001,0.0,203.04199999999992,8769.864000000001,5.275022315979004
MASASASASASASAAAAASASASASASASASASASASASAAASASASASASASASASASASASASASASASAASSSSSSSSSSSSSSSSSSSSSSSSSSS,-0.4996453124586552,0.267,0.0,61.20999999999998,8129.888000000001,5.275022315979004
MSSLSRELVFLILQFLDEEKFKESVHKLEQESGFFFNMKHFEDLVQAGEWDEVEKYLSGFTKVEDNRYSMKIFFEIRKQKYLEALDRQDRAKAVDILVTD,-6.289650953658704,-0.48800000000000004,0.14,37.871999999999986,12022.5287,4.965249824523925
MSAPSSSAPPSPSAPSSSAPPSPSAPSSSAPPSPSAPSSSAPPSPSAPSSSAPPSPSAPSSSAPPSPSAPSSSAPPSPSAPSSSAPPSPSAPSSSAPPSP,-0.4996453124586552,-0.5930000000000001,0.0,190.58599999999998,8843.2392,5.275022315979004
MSSPASAPSSASAPAASAPASSSAPSSAPSSAPSSAPSSAPSSAPSSAPSSAPSSAPSSAPSSAPSSAPSSAPSSAPSSAPSSAPSSAPSSAPSSAPSSA,-0.4996453124586552,-0.229,0.0,149.65599999999995,8552.7525,5.275022315979004
